{
    "Head_Center_Jnt": {
        "translation": [
            0.0,
            173.5832977294922,
            -2.9365828037261963
        ],
        "rotation": [
            0.0,
            0.0,
            0.0
        ],
        "scale": [
            1.0,
            1.0,
            1.0
        ],
        "parent": null
    },
    "L_Ear_Jnt": {
        "translation": [
            7.102374076843262,
            173.5832977294922,
            -2.9365828037261963
        ],
        "rotation": [
            0.0,
            0.0,
            0.0
        ],
        "scale": [
            1.0,
            1.0,
            1.0
        ],
        "parent": "Head_Center_Jnt"
    },
    "R_Ear_Jnt": {
        "translation": [
            -7.10237,
            173.583,
            -2.93658
        ],
        "rotation": [
            -180.0,
            0.0,
            0.0
        ],
        "scale": [
            1.0,
            1.0,
            1.0
        ],
        "parent": "Head_Center_Jnt"
    },
    "R_Brow_01_Jnt": {
        "translation": [
            -0.736928,
            178.33,
            7.9697
        ],
        "rotation": [
            -180.0,
            0.0,
            0.0
        ],
        "scale": [
            1.0,
            1.0,
            1.0
        ],
        "parent": "Head_Center_Jnt"
    },
    "R_Brow_02_Jnt": {
        "translation": [
            -1.87588,
            178.358,
            7.664089999999998
        ],
        "rotation": [
            -180.0,
            0.0,
            0.0
        ],
        "scale": [
            1.0,
            1.0,
            1.0
        ],
        "parent": "Head_Center_Jnt"
    },
    "R_Brow_03_Jnt": {
        "translation": [
            -3.43329,
            178.534,
            7.00573
        ],
        "rotation": [
            -180.0,
            0.0,
            0.0
        ],
        "scale": [
            1.0,
            1.0,
            1.0
        ],
        "parent": "Head_Center_Jnt"
    },
    "R_Brow_04_Jnt": {
        "translation": [
            -5.00026,
            178.606,
            6.067070000000001
        ],
        "rotation": [
            -180.0,
            0.0,
            0.0
        ],
        "scale": [
            1.0,
            1.0,
            1.0
        ],
        "parent": "Head_Center_Jnt"
    },
    "L_Brow_01_Jnt": {
        "translation": [
            0.7369277477264404,
            178.3304443359375,
            7.969700336456299
        ],
        "rotation": [
            0.0,
            0.0,
            0.0
        ],
        "scale": [
            1.0,
            1.0,
            1.0
        ],
        "parent": "Head_Center_Jnt"
    },
    "L_Brow_02_Jnt": {
        "translation": [
            1.8758811950683594,
            178.35809326171875,
            7.66409158706665
        ],
        "rotation": [
            0.0,
            0.0,
            0.0
        ],
        "scale": [
            1.0,
            1.0,
            1.0
        ],
        "parent": "Head_Center_Jnt"
    },
    "L_Brow_03_Jnt": {
        "translation": [
            3.4332947731018066,
            178.5340118408203,
            7.005734443664551
        ],
        "rotation": [
            0.0,
            0.0,
            0.0
        ],
        "scale": [
            1.0,
            1.0,
            1.0
        ],
        "parent": "Head_Center_Jnt"
    },
    "L_Brow_04_Jnt": {
        "translation": [
            5.00025749206543,
            178.6055450439453,
            6.0670695304870605
        ],
        "rotation": [
            0.0,
            0.0,
            0.0
        ],
        "scale": [
            1.0,
            1.0,
            1.0
        ],
        "parent": "Head_Center_Jnt"
    },
    "L_Eye_Pivot_Jnt": {
        "translation": [
            3.039553999900818,
            176.25634765625,
            3.623704671859741
        ],
        "rotation": [
            0.0,
            0.0,
            0.0
        ],
        "scale": [
            1.0,
            1.0,
            1.0
        ],
        "parent": "Head_Center_Jnt"
    },
    "L_Eye_Inner_Corner_Jnt": {
        "translation": [
            1.7321226596832275,
            176.04852294921875,
            5.4767680168151855
        ],
        "rotation": [
            0.0,
            0.0,
            0.0
        ],
        "scale": [
            1.0,
            1.0,
            1.0
        ],
        "parent": "L_Eye_Pivot_Jnt"
    },
    "L_Eye_Outter_Corner_Jnt": {
        "translation": [
            4.771358966827393,
            176.07176208496094,
            4.908827781677246
        ],
        "rotation": [
            0.0,
            0.0,
            0.0
        ],
        "scale": [
            1.0,
            1.0,
            1.0
        ],
        "parent": "L_Eye_Pivot_Jnt"
    },
    "L_Dw_Eye_Inner_Jnt": {
        "translation": [
            2.2372124195098877,
            175.90028381347656,
            5.379729270935059
        ],
        "rotation": [
            0.0,
            0.0,
            0.0
        ],
        "scale": [
            1.0,
            1.0,
            1.0
        ],
        "parent": "L_Eye_Pivot_Jnt"
    },
    "L_Up_Eye_Jnt": {
        "translation": [
            3.4811348915100098,
            177.0177001953125,
            5.611017227172852
        ],
        "rotation": [
            0.0,
            0.0,
            0.0
        ],
        "scale": [
            1.0,
            1.0,
            1.0
        ],
        "parent": "L_Eye_Pivot_Jnt"
    },
    "L_Up_Eye_Inner_Jnt": {
        "translation": [
            2.2814462184906006,
            176.88365173339844,
            5.501564025878906
        ],
        "rotation": [
            0.0,
            0.0,
            0.0
        ],
        "scale": [
            1.0,
            1.0,
            1.0
        ],
        "parent": "L_Eye_Pivot_Jnt"
    },
    "L_Up_Eye_Outter_Jnt": {
        "translation": [
            4.367399215698242,
            176.705078125,
            5.257396221160889
        ],
        "rotation": [
            0.0,
            0.0,
            0.0
        ],
        "scale": [
            1.0,
            1.0,
            1.0
        ],
        "parent": "L_Eye_Pivot_Jnt"
    },
    "L_Dw_Eye_Outter_Jnt": {
        "translation": [
            4.295923233032227,
            175.7215576171875,
            5.378912448883057
        ],
        "rotation": [
            0.0,
            0.0,
            0.0
        ],
        "scale": [
            1.0,
            1.0,
            1.0
        ],
        "parent": "L_Eye_Pivot_Jnt"
    },
    "L_Dw_Eye_Jnt": {
        "translation": [
            3.3165433406829834,
            175.69253540039062,
            5.788285255432129
        ],
        "rotation": [
            0.0,
            0.0,
            0.0
        ],
        "scale": [
            1.0,
            1.0,
            1.0
        ],
        "parent": "L_Eye_Pivot_Jnt"
    },
    "R_Eye_Pivot_Jnt": {
        "translation": [
            -3.03955,
            176.256,
            3.6237000000000004
        ],
        "rotation": [
            -180.0,
            0.0,
            0.0
        ],
        "scale": [
            1.0,
            1.0,
            1.0
        ],
        "parent": "Head_Center_Jnt"
    },
    "R_Eye_Inner_Corner_Jnt": {
        "translation": [
            -1.73212,
            176.049,
            5.476770000000001
        ],
        "rotation": [
            -180.0,
            0.0,
            0.0
        ],
        "scale": [
            1.0,
            1.0,
            1.0
        ],
        "parent": "R_Eye_Pivot_Jnt"
    },
    "R_Eye_Outter_Corner_Jnt": {
        "translation": [
            -4.77136,
            176.072,
            4.908830000000001
        ],
        "rotation": [
            -180.0,
            0.0,
            0.0
        ],