{
    "0": {
        "root": {
            "rotateX": 0.0,
            "rotateY": 0.0,
            "rotateZ": 0.0,
            "translateX": 0.0,
            "translateY": 0.0,
            "translateZ": 0.0
        },
        "cog": {
            "rotateX": 1.563824298500549e-05,
            "rotateY": 5.7044526329264045e-06,
            "rotateZ": -0.0018965681083500385,
            "translateX": 0.00021947475033812225,
            "translateY": 84.16285705566406,
            "translateZ": 0.22439633309841156
        },
        "spine_base": {
            "rotateX": -1.5613872164976783e-05,
            "rotateY": -3.028383980563376e-05,
            "rotateZ": 0.001896335044875741,
            "translateX": 0.0,
            "translateY": 11.981826782226562,
            "translateZ": -0.1552906036376953
        },
        "spine_belly": {
            "rotateX": 9.93923349559222e-17,
            "rotateY": 5.89797958736038e-12,
            "rotateZ": -7.809542595937913e-11,
            "translateX": 0.0,
            "translateY": 13.979964256286621,
            "translateZ": 1.9028334463655483e-09
        },
        "spine_chest": {
            "rotateX": 9.93923349559222e-17,
            "rotateY": 0.0,
            "rotateZ": -1.5830740467946735e-26,
            "translateX": 0.0,
            "translateY": 15.977110862731934,
            "translateZ": -4.951520082840943e-09
        },
        "neck": {
            "rotateX": -2.5370320955175885e-08,
            "rotateY": -4.885327819365015e-12,
            "rotateZ": -2.605509905051484e-11,
            "translateX": 0.0,
            "translateY": 17.974241256713867,
            "translateZ": -3.2036232369136997e-06
        },
        "head": {
            "rotateX": 0.0,
            "rotateY": 0.0,
            "rotateZ": 1.9356634017331745e-27,
            "translateX": 0.0,
            "translateY": 9.093460083007812,
            "translateZ": 7.190671920776365
        },
        "l_hip": {
            "rotateX": -3.206380844116211,
            "rotateY": -1.3136906623840332,
            "rotateZ": -4.277964115142822,
            "translateX": 11.733599662780762,
            "translateY": -6.656364440917969,
            "translateZ": -0.3379993438720703
        },
        "l_knee": {
            "rotateX": -0.17449204623699188,
            "rotateY": 0.42340585589408875,
            "rotateZ": 0.02656502090394497,
            "translateX": -1.8872317752993695e-07,
            "translateY": 39.405155181884766,
            "translateZ": 3.721034147474711e-07
        },
        "l_ankle": {
            "rotateX": 3.073941230773926,
            "rotateY": 4.341251850128174,
            "rotateZ": 2.3954672813415527,
            "translateX": -3.236282353213937e-08,
            "translateY": 32.44844055175781,
            "translateZ": 1.2775247171248338e-07
        },
        "l_ball": {
            "rotateX": 2.07757670978026e-06,
            "rotateY": -1.3836428252034239e-06,
            "rotateZ": -1.2814924730264465e-06,
            "translateX": 1.0920155446569879e-08,
            "translateY": 20.432613372802734,
            "translateZ": 9.232912390189085e-08
        },
        "l_toes": {
            "rotateX": 0.0,
            "rotateY": 0.0,
            "rotateZ": 0.0,
            "translateX": 3.1779539000353907e-09,
            "translateY": 8.329255104064941,
            "translateZ": 4.0544545498732987e-10
        },
        "r_hip": {
            "rotateX": -2.959414005279541,
            "rotateY": 1.352486491203308,
            "rotateZ": 4.283517360687256,
            "translateX": -11.733599662780762,
            "translateY": -6.656364440917969,
            "translateZ": -0.5315341949462891
        },
        "r_knee": {
            "rotateX": -0.19513718783855438,
            "rotateY": -0.3879346251487732,
            "rotateZ": -0.029873294755816463,
            "translateX": 2.571349710933646e-08,
            "translateY": 39.4321174621582,
            "translateZ": -4.491622576097143e-07
        },
        "r_ankle": {
            "rotateX": 2.8480565547943115,
            "rotateY": -4.349436283111572,
            "rotateZ": -2.344264268875122,
            "translateX": 3.587111407910015e-08,
            "translateY": 32.51247787475586,
            "translateZ": 2.658076994066505e-07
        },
        "r_ball": {
            "rotateX": 3.6173707940179156e-07,
            "rotateY": 1.1284806760158972e-06,
            "rotateZ": 1.0834999102371512e-06,
            "translateX": -2.6801689756439373e-08,
            "translateY": 20.724735260009766,
            "translateZ": 3.0238538784033153e-07
        },
        "r_toes": {
            "rotateX": 0.0,
            "rotateY": 0.0,
            "rotateZ": 0.0,
            "translateX": -4.855809976334058e-08,
            "translateY": 8.437682151794434,
            "translateZ": -7.34522220824374e-09
        },
        "l_clavicle": {
            "rotateX": -3.9954862594604488,
            "rotateY": 0.0028920078184455633,
            "rotateZ": 0.05278252810239792,
            "translateX": 9.28703498840332,
            "translateY": 16.06619644165039,
            "translateZ": -0.022151365876197815
        },
        "r_clavicle": {
            "rotateX": -3.993555068969726,
            "rotateY": -0.0008095276425592601,
            "rotateZ": -0.05330218747258186,
            "translateX": -9.28703498840332,
            "translateY": 16.06626319885254,
            "translateZ": -0.02731221728026867
        },
        "l_shoulder": {
            "rotateX": -16.75450325012207,
            "rotateY": 0.02416207268834114,
            "rotateZ": -0.4287918508052826,
            "translateX": -1.4471197573584504e-09,
            "translateY": 19.612932205200195,
            "translateZ": -1.1789208542722918e-07
        },
        "l_elbow": {
            "rotateX": 1.227465033531189,
            "rotateY": 0.13672278821468353,
            "rotateZ": -12.711544036865234,
            "translateX": 4.99832708555914e-09,
            "translateY": 28.59345054626465,
            "translateZ": -1.5192657087936823e-07
        },
        "l_wrist": {
            "rotateX": -13.601283073425293,
            "rotateY": 1.7741129398345947,
            "rotateZ": 3.584246397018433,
            "translateX": 1.372052906845056e-07,
            "translateY": 32.26022720336914,
            "translateZ": -5.771289579570293e-07
        },
        "r_shoulder": {
            "rotateX": -16.756437301635742,
            "rotateY": -0.022058002650737762,
            "rotateZ": 0.6096166372299194,
            "translateX": 1.682799677382718e-09,
            "translateY": 19.612932205200195,
            "translateZ": -1.178889306174824e-07
        },
        "r_elbow": {
            "rotateX": 1.2359957695007324,
            "rotateY": -0.1353641003370285,
            "rotateZ": 12.499439239501953,
            "translateX": -4.107281625920223e-09,
            "translateY": 28.594526290893555,
            "translateZ": -1.441816266378737e-07
        },
        "r_wrist": {
            "rotateX": -13.49547004699707,
            "rotateY": -1.7543970346450806,
            "rotateZ": -3.788091897964478,
            "translateX": 2.0608796091892145e-07,
            "translateY": 32.255279541015625,
            "translateZ": 4.375802689082775e-07
        }
    },
    "1": {
        "root": {
            "rotateX": 0.0,
            "rotateY": 0.0,
            "rotateZ": 0.0,
            "translateX": 0.0,
            "translateY": 0.0,
            "translateZ": 0.0
        },
        "cog": {
            "rotateX": 1.563824298500549e-05,
            "rotateY": 5.7044526329264045e-06,
            "rotateZ": -0.0018965681083500385,
            "translateX": 0.00021947475033812225,
            "translateY": 84.16285705566406,
            "translateZ": 0.22439633309841156
        },
        "spine_base": {
            "rotateX": -1.5613872164976783e-05,